,City,Cloudiness,Country,Date,Humidity,Lat,Lng,Max Temp,Wind Speed
0,aykhal,90,RU,1571364811,100,65.95,111.51,30.2,8.95
1,carnarvon,100,ZA,1571364811,47,-30.97,22.13,68.51,6.67
2,victoria,75,BN,1571364812,74,5.28,115.24,86.0,5.82
3,busselton,53,AU,1571364812,34,-33.64,115.35,66.99,8.1
4,norman wells,90,CA,1571364812,95,65.28,-126.83,32.0,5.82
5,nikolskoye,90,RU,1571364812,100,59.7,30.79,39.99,6.71
6,ahipara,100,NZ,1571364813,82,-35.17,173.16,68.0,24.29
7,albany,90,US,1571364814,71,42.65,-73.75,51.8,10.29
8,husavik,100,CA,1571364814,73,50.56,-96.99,46.99,7.0
9,mataura,44,NZ,1571364814,66,-46.19,168.86,57.0,15.01
10,hermanus,42,ZA,1571364815,96,-34.42,19.24,60.01,9.15
11,barrow,58,AR,1571364815,94,-38.31,-60.23,51.54,13.49
12,kapaa,40,US,1571364815,74,22.08,-159.32,82.4,14.99
13,severo-kurilsk,97,RU,1571364815,71,50.68,156.12,41.14,29.73
14,leningradskiy,100,RU,1571364816,94,69.38,178.42,34.01,13.44
15,turukhansk,100,RU,1571364816,95,65.8,87.96,26.47,7.47
16,saint george,20,GR,1571364816,93,39.45,22.34,59.0,1.01
17,flinders,0,AU,1571364816,16,-34.58,150.85,78.01,6.93
18,kavaratti,100,IN,1571364817,81,10.57,72.64,80.99,15.97
19,sacramento,1,US,1571364817,32,38.58,-121.49,71.6,4.7
20,balaipungut,100,ID,1571364817,62,1.11,101.31,89.03,1.43
21,ust-nera,100,RU,1571364818,91,64.57,143.24,10.73,2.1
22,rio grande,85,BR,1571364818,98,-32.03,-52.1,64.59,3.83
23,hualmay,95,PE,1571364818,89,-11.1,-77.61,61.75,16.82
24,mar del plata,2,AR,1571364818,40,-46.43,-67.52,55.61,19.17
25,beringovskiy,86,RU,1571364818,80,63.05,179.32,27.98,5.37
26,bluff,0,AU,1571364819,38,-23.58,149.07,90.62,5.01
27,bambous virieux,20,MU,1571364819,64,-20.34,57.76,69.8,10.29
28,sept-iles,90,CA,1571364819,86,50.2,-66.38,42.01,18.34
29,esperance,90,AU,1571364819,51,-33.86,121.89,62.6,12.75
30,saldanha,98,PT,1571364821,91,41.42,-6.55,54.19,3.65
31,ushuaia,40,AR,1571364821,49,-54.81,-68.31,48.2,10.29
32,broome,72,GB,1571364821,100,52.47,1.45,54.0,4.7
33,padang,46,ID,1571364821,87,-0.92,100.36,78.27,12.62
34,ust-tsilma,13,RU,1571364821,96,65.44,52.15,26.95,1.45
35,rikitea,100,PF,1571364822,86,-23.12,-134.97,70.01,16.31
36,tateyama,75,JP,1571364822,68,36.66,137.31,68.0,3.36
37,kutno,88,PL,1571364822,93,52.23,19.36,48.99,1.12
38,sao filipe,100,CV,1571364823,81,14.9,-24.5,80.09,10.22
39,lebu,73,ET,1571364823,82,8.96,38.73,47.24,3.91
40,airai,6,TL,1571364823,53,-8.93,125.41,84.32,8.21
41,kattivakkam,75,IN,1571364823,94,13.22,80.32,78.8,3.4
42,port elizabeth,90,US,1571364824,54,39.31,-74.98,55.4,20.8
43,cabedelo,90,BR,1571364824,100,-6.97,-34.84,73.4,12.75
44,san rafael,36,AR,1571364824,42,-34.61,-68.33,58.25,4.7
45,atambua,37,ID,1571364824,75,-9.11,124.89,78.54,7.47
46,punta arenas,75,CL,1571364824,65,-53.16,-70.91,44.6,6.93
47,karpathos,0,GR,1571364825,88,35.51,27.21,66.2,6.93
48,puerto ayora,6,EC,1571364825,91,-0.74,-90.35,66.99,5.99
49,thompson,90,CA,1571364826,88,55.74,-97.86,41.0,6.93
50,hobart,75,AU,1571364826,39,-42.88,147.33,66.0,17.22
51,honiara,20,SB,1571364826,70,-9.43,159.96,86.0,9.17
52,shimoda,75,JP,1571364826,88,34.7,138.93,64.4,23.04
53,tuatapere,0,NZ,1571364826,66,-46.13,167.69,57.0,15.01
54,kalmunai,15,LK,1571364827,74,7.42,81.82,82.82,1.03
55,cape town,20,ZA,1571364827,100,-33.93,18.42,63.0,10.29
56,muroto,75,JP,1571364827,65,33.37,134.14,77.0,5.82
57,honningsvag,96,NO,1571364828,71,70.98,25.97,32.06,8.77
58,butaritari,71,KI,1571364828,71,3.07,172.79,84.37,12.41
59,siguiri,35,GN,1571364828,65,11.42,-9.17,74.33,2.95
60,longyearbyen,75,NO,1571364828,63,78.22,15.63,26.6,8.05
61,saint-philippe,90,CA,1571364829,100,45.36,-73.48,46.0,4.7
62,srandakan,83,ID,1571364829,82,-7.94,110.25,76.47,9.78
63,bambanglipuro,83,ID,1571364829,82,-7.95,110.28,76.47,9.78
64,mercedes,51,UY,1571364829,95,-33.25,-58.03,58.6,9.78
65,carballo,0,ES,1571364830,87,43.21,-8.69,60.01,5.82
66,fiche,65,ET,1571364830,68,9.77,38.74,52.55,3.47
67,lompoc,1,US,1571364830,71,34.64,-120.46,62.6,13.87
68,ilulissat,100,GL,1571364830,63,69.22,-51.1,26.6,2.24
69,fuxin,100,CN,1571364831,32,42.02,121.65,59.82,6.08
70,rosarito,40,CO,1571364831,83,4.91,-75.23,75.2,9.17
71,mazagao,40,BR,1571364831,83,-0.12,-51.29,82.4,8.05
72,cherskiy,99,RU,1571364831,94,68.75,161.3,17.45,11.52
73,khatanga,33,RU,1571364831,95,71.98,102.47,4.76,2.48
74,xining,0,CN,1571364832,33,36.62,101.77,41.48,5.01
75,severnoye,97,RU,1571364832,74,54.09,52.54,37.91,10.71
76,camocim,1,BR,1571364832,86,-2.9,-40.84,74.09,6.49
77,yaring,40,TH,1571364833,94,6.87,101.37,78.8,3.36
78,hithadhoo,100,MV,1571364833,80,-0.6,73.08,81.71,17.22
79,boa esperanca,78,BR,1571364833,87,-1.91,-60.0,74.29,1.23
80,tupiza,0,BO,1571364833,59,-21.44,-65.72,42.2,4.61
81,dikson,100,RU,1571364833,91,73.51,80.55,25.33,11.01
82,palmas,20,BR,1571364834,100,-10.18,-48.33,75.2,2.24
83,mahebourg,20,MU,1571364834,64,-20.41,57.7,69.8,10.29
84,mae hong son,75,MM,1571364835,88,19.3,97.96,75.2,1.9
85,tasiilaq,4,GL,1571364835,68,65.61,-37.64,28.4,3.42
86,batanovci,0,BG,1571364835,81,42.6,22.95,54.0,1.83
87,hamilton,90,CA,1571364836,75,43.26,-79.87,48.99,9.17
88,lubango,2,AO,1571364836,72,-14.92,13.49,71.32,1.25
89,beloha,0,MG,1571364836,67,-25.17,45.06,64.7,11.34
90,pelym,100,RU,1571364837,89,61.01,62.0,26.21,3.18
91,rio rancho,1,US,1571364837,43,35.27,-106.63,68.0,5.82
92,henties bay,0,NA,1571364837,94,-22.12,14.28,62.01,7.0
93,tuktoyaktuk,40,CA,1571364837,85,69.44,-133.03,23.0,13.87
94,atuona,0,PF,1571364837,73,-9.8,-139.03,80.39,15.55
95,belyy yar,0,RU,1571364838,52,53.6,91.39,37.4,15.66
96,jamestown,0,AU,1571364838,24,-33.21,138.6,71.09,18.92
97,port lincoln,76,AU,1571364838,85,-34.72,135.86,57.68,24.25
98,ribeira grande,99,PT,1571364838,88,38.52,-28.7,68.6,21.52
99,goba,39,ET,1571364839,90,7.01,39.97,43.57,3.98
100,chokurdakh,15,RU,1571364839,92,70.62,147.9,13.18,8.32
101,arraial do cabo,0,BR,1571364839,82,-22.97,-42.02,71.83,20.83
102,los llanos de aridane,77,ES,1571364839,64,28.66,-17.92,68.0,8.05
103,castro,75,CL,1571364840,76,-42.48,-73.76,48.2,8.05
104,acapulco,75,MX,1571364840,88,16.86,-99.88,77.0,2.24
105,cururupu,0,BR,1571364840,93,-1.82,-44.87,72.89,3.04
106,durango,90,MX,1571364841,49,24.02,-104.67,69.8,3.36
107,new norfolk,75,AU,1571364841,39,-42.78,147.06,66.0,17.22
108,abrau-dyurso,90,RU,1571364841,93,44.7,37.6,51.8,2.24
109,vaini,75,IN,1571364841,94,15.34,74.49,71.6,5.82
110,botwood,90,CA,1571364842,81,49.14,-55.34,46.0,18.34
111,polyarnyy,40,RU,1571364842,79,69.2,33.45,28.4,2.24
112,chuy,100,UY,1571364842,97,-33.69,-53.46,60.63,14.76
113,qostanay,75,KZ,1571364842,82,53.17,63.58,39.2,20.13
114,codrington,0,AU,1571364843,41,-28.95,153.24,82.0,9.17
115,farafangana,14,MG,1571364843,82,-22.82,47.83,62.93,0.92
116,west bay,90,CA,1571364843,93,49.34,-123.21,53.01,10.29
117,port macquarie,0,AU,1571364843,26,-31.43,152.91,73.99,12.75
118,ponta do sol,0,BR,1571364844,67,-20.63,-46.0,69.79,5.12
119,avarua,100,CK,1571364844,78,-21.21,-159.78,77.0,13.87
120,alamogordo,1,US,1571364845,42,32.9,-105.96,73.4,8.05
121,kitimat,90,CA,1571364845,93,54.02,-128.69,46.4,5.82
122,constitucion,90,MX,1571364845,49,23.99,-104.67,69.8,3.36
123,quatre cocos,20,MU,1571364845,64,-20.21,57.76,69.8,10.29
124,fairbanks,40,US,1571364846,55,64.84,-147.72,37.4,3.36
125,kirakira,39,SB,1571364846,84,-10.46,161.92,81.35,16.28
126,manokwari,100,ID,1571364846,86,-0.87,134.08,76.81,5.17
127,kavarna,90,BG,1571364847,100,43.43,28.33,48.2,4.7
128,narsaq,100,GL,1571364847,42,60.91,-46.05,44.6,11.41
129,belen,1,US,1571364847,32,34.66,-106.78,68.0,10.29
130,provideniya,75,RU,1571364848,74,64.42,-173.23,33.8,4.47
131,hilo,20,US,1571364848,58,19.71,-155.08,84.2,10.29
132,gornopravdinsk,56,RU,1571364848,78,60.06,69.92,24.86,4.0
133,beberibe,20,BR,1571364848,74,-4.18,-38.13,80.6,14.99
134,burnie,100,AU,1571364849,87,-41.05,145.91,54.0,13.0
135,dunedin,100,NZ,1571364850,83,-45.87,170.5,48.99,23.0
136,ambilobe,49,MG,1571364850,73,-13.19,49.05,73.86,8.95
137,santa fe,2,AR,1571364851,89,-31.62,-60.7,62.01,4.0
138,teya,40,MX,1571364851,74,21.05,-89.07,86.0,4.7
139,tangwani,0,PK,1571364851,83,28.28,69.0,73.4,5.12
140,grindavik,0,IS,1571364851,63,63.84,-22.43,37.4,8.05
141,melbourne,40,AU,1571364851,51,-37.81,144.96,66.99,19.46
142,coxim,35,BR,1571364852,43,-18.5,-54.75,84.73,9.13
143,chapais,90,CA,1571364852,93,49.78,-74.86,41.0,10.29
144,kahului,40,US,1571364852,54,20.89,-156.47,84.2,19.46
145,lorengau,100,PG,1571364852,89,-2.02,147.27,79.48,8.84
146,pevek,100,RU,1571364852,91,69.7,170.27,32.12,11.86
147,ilebo,9,CD,1571364853,98,-4.33,20.59,67.27,0.49
148,upernavik,100,GL,1571364853,97,72.79,-56.15,29.74,14.36
149,osinki,100,PL,1571364853,76,54.14,22.99,52.87,5.84
150,kodiak,1,US,1571364853,71,39.95,-94.76,57.2,8.05
151,qaanaaq,100,GL,1571364854,83,77.48,-69.36,10.79,12.66
152,lagoa,20,PT,1571364854,93,37.14,-8.45,66.99,2.24
153,nanortalik,77,GL,1571364854,83,60.14,-45.24,37.1,3.49
154,tiarei,20,PF,1571364854,70,-17.53,-149.33,84.2,14.99
155,malatya,0,TR,1571364855,81,38.35,38.32,50.0,6.93
156,hovd,0,NO,1571364855,70,63.83,10.7,48.0,4.7
157,talnakh,29,RU,1571364855,78,69.49,88.39,10.4,24.61
158,san isidro,40,CR,1571364855,94,10.02,-84.06,69.8,3.36
159,torbay,90,CA,1571364856,100,47.66,-52.73,48.0,18.34
160,kralendijk,89,BQ,1571364856,78,12.15,-68.27,82.4,11.41
161,yellowknife,90,CA,1571364856,89,62.45,-114.38,33.8,8.05
162,sambava,79,MG,1571364856,96,-14.27,50.17,67.81,3.53
163,chistogorskiy,98,RU,1571364857,80,53.98,87.38,35.36,16.2
164,cabo san lucas,5,MX,1571364857,78,22.89,-109.91,81.0,9.17
165,port alfred,82,ZA,1571364857,90,-33.59,26.89,66.99,1.99
166,namibe,0,AO,1571364857,89,-15.19,12.15,70.82,3.15
167,mount isa,86,AU,1571364858,12,-20.73,139.49,95.0,9.17
168,georgetown,40,GY,1571364858,94,6.8,-58.16,75.2,4.7
169,whitecourt,75,CA,1571364858,57,54.14,-115.68,50.0,4.7
170,kiama,0,AU,1571364858,16,-34.67,150.86,73.99,6.93
171,isabela,12,PH,1571364858,72,10.2,122.99,82.61,6.44
172,komsomolskiy,0,RU,1571364859,91,67.55,63.78,17.97,4.52
173,ocampo,22,MX,1571364859,82,27.32,-102.4,62.16,5.77
174,batemans bay,0,AU,1571364860,50,-35.71,150.18,68.0,10.0
175,banda aceh,100,ID,1571364860,81,5.56,95.32,81.4,16.06
176,jalu,100,LY,1571364860,73,29.03,21.55,71.5,6.17
177,marsa matruh,0,EG,1571364861,72,31.35,27.25,66.2,2.24
178,bangolo,16,CI,1571364861,99,7.01,-7.49,69.43,1.54
179,tonstad,0,NO,1571364861,95,58.66,6.71,46.0,1.01
180,marzuq,51,YE,1571364862,63,14.4,46.47,68.21,2.68
181,manuk mangkaw,40,PH,1571364862,68,4.8,119.85,84.32,8.57
182,namatanai,100,PG,1571364862,82,-3.66,152.44,79.91,21.14
183,zyryanka,46,RU,1571364863,78,65.73,150.89,15.54,3.91
184,salym,58,RU,1571364863,76,60.06,71.48,24.38,4.79
185,aklavik,75,CA,1571364863,79,68.22,-135.01,24.8,14.99
186,kytmanovo,99,RU,1571364864,91,53.46,85.45,32.89,16.26
187,obihiro,20,JP,1571364864,57,42.92,143.2,48.2,3.36
188,lazaro cardenas,5,MX,1571364864,72,28.39,-105.62,69.01,5.21
189,karanganyar,86,ID,1571364865,44,-7.6,110.95,84.95,3.38
190,candido mendes,0,BR,1571364865,92,-1.45,-45.72,72.96,3.24
191,kruisfontein,98,ZA,1571364865,96,-34.0,24.73,60.54,6.44
192,angul,0,IN,1571364865,78,20.84,85.1,79.75,1.97
193,nouadhibou,18,MR,1571364866,61,20.93,-17.03,78.8,17.22
194,batagay-alyta,51,RU,1571364866,84,67.8,130.41,14.62,2.57
195,fort nelson,75,CA,1571364866,95,58.81,-122.69,33.8,2.24
196,saskylakh,6,RU,1571364867,94,71.97,114.09,-2.48,3.04
197,tilichiki,54,RU,1571364867,66,60.47,166.1,29.49,11.18
198,saint anthony,1,US,1571364867,37,43.97,-111.68,51.8,16.11
199,shelburne,90,CA,1571364867,75,44.08,-80.2,46.99,13.87
200,kavieng,100,PG,1571364868,78,-2.57,150.8,83.33,17.56
201,umm lajj,0,SA,1571364868,75,25.02,37.27,85.7,11.34
202,lufilufi,75,WS,1571364868,74,-13.87,-171.6,87.8,3.36
203,angoche,5,MZ,1571364868,97,-16.23,39.91,71.81,3.44
204,okhotsk,89,RU,1571364869,52,59.36,143.24,32.26,12.15
205,dabakala,52,CI,1571364869,93,8.36,-4.43,72.47,4.14
206,beboto,100,TD,1571364869,96,8.27,16.94,71.77,3.2
207,suratgarh,5,IN,1571364869,28,29.32,73.9,82.46,7.56
208,klaksvik,100,FO,1571364870,93,62.23,-6.59,48.2,9.17
209,xichang,5,CN,1571364870,64,27.88,102.25,58.4,3.85
210,neiafu,75,TO,1571364870,83,-18.65,-173.98,78.8,4.7
211,mayuge,99,UG,1571364870,99,0.46,33.48,61.62,0.69
212,dabra,20,IN,1571364871,59,25.88,78.33,77.87,4.12
213,san cristobal,53,HN,1571364871,89,14.68,-86.92,67.42,3.13
214,kloulklubed,75,PW,1571364871,78,7.04,134.26,82.4,4.7
215,sitka,89,US,1571364871,37,37.17,-99.65,69.01,14.0
216,kaitangata,100,NZ,1571364871,72,-46.28,169.85,48.14,17.05
217,tiksi,0,RU,1571364872,87,71.64,128.87,3.53,8.25
218,uravakonda,100,IN,1571364872,84,14.95,77.26,75.95,7.29
219,bintulu,90,MY,1571364872,100,3.17,113.03,77.0,2.24
220,pangnirtung,100,CA,1571364872,97,66.15,-65.72,25.17,1.61
221,simplicio mendes,0,BR,1571364872,38,-7.85,-41.91,78.92,7.61
222,damietta,0,EG,1571364873,78,31.42,31.81,75.2,5.82
223,bilibino,100,RU,1571364873,96,68.06,166.44,13.99,2.44
224,khandyga,100,RU,1571364873,96,62.65,135.58,30.34,4.27
225,nizhniy ingash,87,RU,1571364873,69,56.2,96.53,40.56,14.76
226,east london,98,ZA,1571364874,35,-33.02,27.91,69.7,1.79
227,kirensk,100,RU,1571364874,67,57.78,108.12,39.55,4.43
228,caceres,100,CO,1571364874,97,5.53,-74.53,65.26,3.27
229,sala consilina,0,IT,1571364874,88,40.4,15.6,49.22,2.17
230,marrakesh,0,MA,1571364875,59,31.63,-7.99,62.6,3.36
231,kamenka,0,MD,1571364875,90,48.03,28.7,39.0,2.26
232,camacha,20,PT,1571364876,88,33.08,-16.33,69.8,2.24
233,myshkin,99,RU,1571364876,94,57.78,38.45,44.2,6.87
234,meliti,29,GR,1571364876,53,40.83,21.58,57.0,3.0
235,cockburn town,15,TC,1571364876,73,21.46,-71.14,83.6,7.4
236,kodinsk,100,RU,1571364876,78,58.6,99.18,41.23,9.17
237,araouane,9,ML,1571364877,21,18.9,-3.53,86.44,8.48
238,iqaluit,90,CA,1571364877,90,63.75,-68.52,32.0,14.99
239,roald,84,NO,1571364877,87,62.58,6.12,48.99,3.36
240,vanavara,100,RU,1571364878,81,60.35,102.28,39.26,9.1
241,coari,95,BR,1571364878,92,-4.09,-63.14,74.83,1.97
242,vardo,1,US,1571364878,53,39.62,-77.74,52.0,12.75
243,evensk,0,RU,1571364878,58,61.92,159.24,21.62,9.53
244,kieta,100,PG,1571364878,76,-6.22,155.63,82.99,15.64
245,necochea,66,AR,1571364879,96,-38.55,-58.74,55.0,8.01
246,mosquera,20,CO,1571364879,82,4.71,-74.23,57.2,3.36
247,menongue,2,AO,1571364879,44,-14.66,17.68,63.4,3.65
248,raudeberg,90,NO,1571364880,93,61.99,5.14,48.99,20.8
249,peniche,75,PT,1571364880,93,39.36,-9.38,61.0,11.41
250,warrington,75,GB,1571364880,93,53.39,-2.59,50.0,4.7
251,beauvais,90,FR,1571364880,87,49.44,2.09,57.2,11.41
252,calatayud,100,ES,1571364881,82,41.35,-1.64,62.6,5.82
253,pacific grove,1,US,1571364881,67,36.62,-121.92,64.0,10.29
254,lasa,73,CY,1571364881,82,34.92,32.53,68.0,4.7
255,kedrovyy,75,RU,1571364881,93,56.17,91.82,35.6,13.42
256,karratha,0,AU,1571364882,11,-20.74,116.85,98.41,11.03
257,aravankadu,75,IN,1571364882,88,11.37,76.77,75.2,3.36
258,hami,100,CN,1571364882,27,42.84,93.51,61.08,4.32
259,clyde river,90,CA,1571364882,100,70.47,-68.59,30.2,24.16
260,nabire,100,ID,1571364882,89,-3.36,135.5,79.17,2.35
261,bowen,0,AU,1571364883,45,-20.01,148.25,86.0,13.87
262,katobu,68,ID,1571364883,31,-4.94,122.53,94.67,6.29
263,churhat,0,IN,1571364883,66,24.43,81.67,76.96,6.71
264,ulukulevo,90,RU,1571364883,65,54.43,56.33,44.6,17.9
265,vanimo,58,PG,1571364884,75,-2.67,141.3,82.66,18.84
266,dingle,28,PH,1571364884,69,11.0,122.67,85.78,7.63
267,ninghai,20,CN,1571364884,64,29.29,121.42,77.0,11.18
268,san quintin,0,PH,1571364884,59,17.54,120.52,86.24,3.91
269,shubarshi,0,KZ,1571364885,48,48.59,57.19,42.02,8.25
270,zhigansk,100,RU,1571364885,95,66.77,123.37,22.11,8.55
271,alice springs,0,AU,1571364885,16,-23.7,133.88,78.8,13.87
272,lovozero,100,RU,1571364886,90,68.01,35.02,24.13,4.79
273,balkanabat,0,TM,1571364886,27,39.51,54.36,62.9,2.51
274,madison,1,US,1571364886,86,43.07,-89.38,43.0,5.28
275,sola,100,TZ,1571364886,85,-3.17,33.8,66.95,7.31
276,dondo,20,MZ,1571364887,77,-19.62,34.74,69.8,4.7
277,gamba,55,CN,1571364887,55,28.28,88.52,31.54,5.35
278,sile,1,US,1571364888,32,35.56,-106.37,68.0,3.36
279,eyrarbakki,0,IS,1571364889,64,63.86,-21.15,35.6,3.36
280,yumen,100,CN,1571364889,23,40.29,97.04,56.53,4.92
281,egvekinot,91,RU,1571364890,95,66.32,-179.17,23.05,10.78
282,naze,100,NG,1571364891,93,5.43,7.07,73.03,1.5
283,winnemucca,1,US,1571364891,22,40.97,-117.74,53.6,11.41
284,conceicao do araguaia,75,BR,1571364892,71,-8.26,-49.26,78.2,1.01
285,cidreira,99,BR,1571364892,98,-30.17,-50.22,67.94,6.93
286,ancud,1,CL,1571364892,81,-41.87,-73.83,44.6,8.05
287,ayan,58,IR,1571364893,56,38.23,44.7,42.68,5.23
288,itoman,40,JP,1571364893,88,26.12,127.67,82.4,11.41
289,aneho,40,TG,1571364893,88,6.23,1.6,80.6,10.29
290,bani,9,YE,1571364894,72,16.02,42.93,86.82,7.65
291,richards bay,0,ZA,1571364895,79,-28.77,32.06,69.09,25.12
292,bathsheba,20,BB,1571364895,74,13.22,-59.52,84.2,10.29
293,uyskoye,100,RU,1571364896,82,54.37,60.01,38.56,10.78
294,boma,100,GH,1571364896,99,7.08,-2.17,71.43,1.97
295,broken hill,0,AU,1571364897,17,-31.97,141.45,71.6,16.11
296,suez,49,EG,1571364897,83,29.97,32.54,67.87,10.45
297,praia,0,BR,1571364897,35,-20.25,-43.81,73.4,6.93
298,aksarka,48,RU,1571364898,83,66.56,67.8,19.36,5.86
299,souillac,0,FR,1571364898,93,45.6,-0.6,59.0,11.41
300,chara,20,GR,1571364898,93,39.42,22.43,59.0,1.01
301,la ronge,90,CA,1571364899,80,55.1,-105.3,41.0,10.29
302,bredasdorp,2,ZA,1571364899,87,-34.53,20.04,55.4,3.36
303,prince rupert,90,CA,1571364899,81,54.32,-130.32,50.0,3.36
304,bethel,20,US,1571364899,74,60.79,-161.76,30.2,12.75
305,yabrud,0,SY,1571364900,82,33.97,36.66,60.8,6.93
306,pontal do parana,90,BR,1571364900,93,-25.67,-48.51,73.4,4.7
307,grand gaube,20,MU,1571364900,64,-20.01,57.66,69.8,10.29
308,imeni poliny osipenko,49,RU,1571364901,54,52.42,136.49,47.24,6.35
309,pamanukan,53,ID,1571364901,43,-6.28,107.82,93.12,2.62
310,mantua,75,IT,1571364901,93,45.16,10.79,60.8,2.24
311,lermontovka,0,RU,1571364902,44,47.15,134.34,53.29,8.16
312,tual,100,ID,1571364902,81,-5.67,132.75,80.52,16.02
313,saint-georges,100,CA,1571364902,100,46.12,-70.67,42.01,1.01
314,brae,100,GB,1571364903,93,60.4,-1.35,50.0,10.29
315,qaqortoq,100,GL,1571364903,42,60.72,-46.03,44.6,11.41
316,deyang,43,CN,1571364903,56,31.12,104.39,73.99,3.74
317,kamaishi,75,JP,1571364904,62,39.28,141.86,55.4,2.24
318,boras,90,SE,1571364904,93,57.72,12.94,48.99,5.82
319,kaduy,100,RU,1571364904,92,59.2,37.15,36.64,5.77
320,samarai,32,PG,1571364905,67,-10.62,150.67,80.12,9.95
321,hervey bay,75,AU,1571364905,58,-25.3,152.85,84.2,12.75
322,carndonagh,25,IE,1571364905,78,55.25,-7.27,50.73,12.17
323,igarka,100,RU,1571364905,91,67.47,86.57,20.33,12.82
324,santa cruz de la palma,35,ES,1571364906,64,28.68,-17.76,68.0,8.05
325,paulo ramos,95,BR,1571364906,77,-4.45,-45.24,75.71,3.67
326,lavrentiya,36,RU,1571364907,92,65.58,-170.99,22.24,3.15
327,gizo,20,IL,1571364907,88,31.8,34.94,73.0,2.24
328,entre rios,0,BR,1571364907,96,-11.94,-38.08,64.21,3.62
329,zarubino,97,RU,1571364908,60,42.65,131.06,53.68,4.59
330,varzea da palma,17,BR,1571364908,39,-17.6,-44.73,71.52,3.51
331,petropavlovsk-kamchatskiy,92,RU,1571364908,42,53.05,158.65,44.6,17.9
332,guerrero negro,0,MX,1571364908,89,27.97,-114.04,66.71,16.17
333,da lat,100,VN,1571364909,61,11.95,108.44,80.27,4.81
334,pyaozerskiy,100,RU,1571364909,85,65.83,31.17,32.14,13.11
335,sibolga,83,ID,1571364910,81,1.74,98.78,79.35,3.94
336,iberia,68,PE,1571364910,98,-11.41,-69.49,70.33,2.8
337,vila velha,20,BR,1571364910,74,-3.71,-38.6,80.6,14.99
338,muros,75,ES,1571364911,100,42.77,-9.06,57.99,3.36
339,ketchikan,90,US,1571364911,93,55.34,-131.65,48.2,20.8
340,tefe,81,BR,1571364912,86,-3.35,-64.71,73.97,2.24
341,snyder,1,US,1571364912,34,32.72,-100.92,70.0,11.41
342,yanam,40,IN,1571364912,88,16.73,82.22,78.8,6.93
343,bonthe,1,SL,1571364913,87,7.53,-12.5,77.5,3.53
344,weligama,97,LK,1571364913,76,5.97,80.42,80.54,7.52
345,great yarmouth,40,GB,1571364914,100,52.61,1.73,54.0,4.7
346,batken,0,KG,1571364914,40,40.06,70.82,51.95,1.05
347,san ignacio,99,PE,1571364914,96,-5.15,-79.0,60.58,1.9
348,paamiut,68,GL,1571364915,92,61.99,-49.67,38.51,29.91
349,mandera,100,ET,1571364915,73,3.94,41.86,78.76,13.09
350,karlstad,98,SE,1571364915,100,59.38,13.5,48.2,5.82
351,lang son,8,VN,1571364915,59,21.83,106.73,74.33,8.3
352,alofi,100,NU,1571364916,74,-19.06,-169.92,78.8,4.7
353,anadyr,40,RU,1571364916,86,64.73,177.51,26.6,13.42
354,salalah,20,OM,1571364916,73,17.01,54.1,77.0,3.36
355,slave lake,1,CA,1571364916,81,55.28,-114.77,42.8,3.51
356,isangel,75,VU,1571364917,65,-19.55,169.27,82.4,5.82
357,guiuan,34,PH,1571364917,70,11.03,125.72,82.99,5.44
358,korem,39,ET,1571364917,85,12.51,39.52,51.83,3.65
359,vila franca do campo,75,PT,1571364917,72,37.72,-25.43,71.01,6.93
360,manitouwadge,100,CA,1571364917,77,49.12,-85.84,33.7,4.14
361,zatoka,0,PL,1571364918,93,50.04,20.52,52.0,1.12
362,zhezkazgan,56,KZ,1571364918,86,47.8,67.71,26.6,4.47
363,nome,1,US,1571364918,82,30.04,-94.42,61.0,5.82
364,port-cartier,90,CA,1571364919,86,50.03,-66.88,42.01,18.34
365,gallup,1,US,1571364919,30,35.53,-108.74,66.2,5.82
366,buin,0,CL,1571364920,54,-33.73,-70.74,57.2,8.05
367,faanui,0,PF,1571364921,80,-16.48,-151.75,80.12,13.0
368,manavalakurichi,40,IN,1571364921,94,8.13,77.3,77.0,2.24
369,minot,1,US,1571364921,81,48.23,-101.3,48.2,11.41
370,vao,100,EE,1571364921,97,59.1,26.19,46.93,3.06
371,sovetskiy,100,RU,1571364922,97,56.76,48.47,44.05,10.38
372,san andres,43,PH,1571364922,64,13.32,122.68,87.16,5.64
373,tessalit,0,ML,1571364923,24,20.2,1.01,78.85,9.66
374,pasuquin,20,PH,1571364923,62,18.33,120.62,87.8,12.75
375,killybegs,0,IE,1571364923,93,54.63,-8.45,45.0,7.0
376,isagarh,0,IN,1571364923,58,24.84,77.89,75.95,3.78
377,baglan,100,GB,1571364923,87,51.62,-3.81,52.0,11.41
378,hauterive,90,CA,1571364924,86,49.18,-68.27,42.01,20.8
379,constantine,0,DZ,1571364924,82,36.36,6.61,59.0,2.24
380,yarada,40,IN,1571364924,94,17.65,83.27,78.8,3.36
381,townsville,40,AU,1571364924,55,-19.26,146.82,86.0,10.29
382,cervo,0,BR,1571364924,87,-22.19,-46.24,65.65,5.37
383,flagstaff,1,US,1571364925,41,35.2,-111.65,62.01,17.22
384,zeya,35,RU,1571364925,66,53.74,127.27,41.42,3.94
385,okha,0,RU,1571364925,59,53.59,142.95,45.78,15.26
386,dzhebariki-khaya,100,RU,1571364925,96,62.22,135.8,31.58,3.09
387,waiouru,100,NZ,1571364925,56,-39.48,175.67,58.78,10.33
388,senanga,55,ZM,1571364926,21,-16.1,23.3,65.4,4.16
389,inhambane,0,MZ,1571364926,94,-23.87,35.38,61.04,1.83
390,malkapur,7,IN,1571364926,68,20.89,76.2,77.37,7.49
391,takoradi,11,GH,1571364926,95,4.89,-1.75,74.44,3.71
392,yavaros,0,MX,1571364926,78,26.7,-109.52,82.99,7.83
393,uvinza,80,TZ,1571364927,93,-5.1,30.39,65.51,2.98
394,belle fourche,1,US,1571364927,25,44.67,-103.85,66.2,4.7
395,yatou,40,CM,1571364927,100,3.63,9.81,77.0,12.64
396,ust-maya,55,RU,1571364928,94,60.42,134.54,32.78,2.91
397,wonthaggi,0,AU,1571364928,61,-38.6,145.59,66.99,16.62
398,hambantota,20,LK,1571364928,100,6.12,81.12,77.0,4.7
399,coahuayana,100,MX,1571364928,95,18.62,-100.35,70.17,0.11
400,parkes,0,AU,1571364928,16,-33.14,148.18,75.0,3.0
401,geraldton,90,CA,1571364929,69,49.72,-86.95,37.4,3.36
402,cape coast,15,GH,1571364929,89,5.11,-1.24,77.01,7.63
403,mayo,90,CA,1571364929,90,63.59,-135.9,33.8,4.7
404,keti bandar,0,PK,1571364929,73,24.14,67.45,83.33,11.65
405,prainha,100,BR,1571364929,94,-1.8,-53.48,74.54,1.23
406,bandarbeyla,100,SO,1571364930,77,9.49,50.81,75.35,8.46
407,miranda,1,BR,1571364930,59,-20.24,-56.38,77.84,3.56
408,glenwood springs,1,US,1571364930,17,39.55,-107.33,66.2,9.17
409,kapit,65,MY,1571364931,89,2.02,112.94,82.57,0.78
410,mehamn,98,NO,1571364931,79,71.03,27.85,29.54,11.56
411,roma,0,IT,1571364931,71,41.89,12.48,59.0,2.24
412,sabang,27,PH,1571364931,86,13.8,121.11,81.0,7.0
413,caravelas,0,BR,1571364932,79,-17.73,-39.27,73.5,9.13
414,durham,20,GB,1571364932,100,54.78,-1.58,50.0,4.7
415,portland,1,US,1571364932,81,43.66,-70.25,48.99,11.41
416,meulaboh,100,ID,1571364932,80,4.14,96.13,79.21,2.04
417,rawson,30,AR,1571364933,33,-43.3,-65.11,60.72,12.88
418,aksu,75,KZ,1571364933,78,52.04,76.93,32.0,8.95
419,wagar,100,US,1571364933,89,31.44,-87.99,57.99,4.65
420,sokoni,0,CD,1571364933,62,-12.89,28.78,58.54,5.53
421,fougamou,100,GA,1571364933,99,-1.22,10.59,71.2,2.62
422,port shepstone,1,ZA,1571364934,76,-30.74,30.45,62.92,3.0
423,danielskuil,1,ZA,1571364934,39,-28.19,23.54,61.94,7.2
424,mezen,90,RU,1571364934,88,65.85,44.24,28.48,5.21
425,touros,75,BR,1571364934,88,-5.2,-35.46,75.2,3.36
426,adrar,0,DZ,1571364935,23,27.87,-0.29,75.2,13.87
427,ambon,100,FR,1571364935,93,47.55,-2.56,59.0,14.99
428,bontang,12,ID,1571364935,43,0.12,117.47,97.08,1.32
429,juneau,90,US,1571364935,93,58.3,-134.42,46.4,5.82
430,amberley,100,NZ,1571364935,93,-43.15,172.73,51.01,11.41
431,tara,75,JP,1571364936,83,33.0,130.15,71.6,12.75
432,lakatoro,22,VU,1571364936,83,-16.11,167.42,79.21,18.79
433,lamar,1,US,1571364936,11,38.09,-102.62,75.2,17.22
434,oum hadjer,5,TD,1571364936,67,13.3,19.7,80.36,3.65
435,fortuna,20,US,1571364937,82,40.6,-124.16,55.99,3.36
436,lajas,40,PR,1571364937,78,18.05,-67.06,80.6,8.05
437,ishigaki,75,JP,1571364937,69,24.34,124.16,78.8,14.99
438,lakes entrance,3,AU,1571364937,36,-37.88,147.99,71.01,11.54
439,dunkwa,37,GH,1571364938,99,5.97,-1.78,71.52,2.53
440,copperas cove,1,US,1571364938,42,31.12,-97.9,62.6,4.7
441,kautokeino,100,NO,1571364938,94,69.01,23.04,25.03,13.89
442,benemerito de las americas,100,MX,1571364938,96,16.52,-90.64,73.14,3.56
443,chimbote,100,PE,1571364939,91,-9.08,-78.59,61.21,13.94
444,vestmannaeyjar,75,IS,1571364939,69,63.44,-20.27,44.16,3.4
445,tezu,0,IN,1571364939,56,27.93,96.16,77.14,2.19
446,kambove,44,CD,1571364939,44,-10.88,26.6,62.03,5.57
447,kropotkin,0,RU,1571364939,83,45.43,40.58,54.0,5.03
448,greenwood,69,CA,1571364940,88,49.09,-118.68,37.07,3.04
449,mikhaylovka,70,RU,1571364940,64,52.96,103.29,43.49,19.19
450,la asuncion,60,AR,1571364940,82,-26.05,-65.39,48.19,2.33
451,san policarpo,34,PH,1571364940,69,12.18,125.51,83.56,4.7
452,launceston,90,AU,1571364940,76,-41.43,147.14,54.0,24.16
453,smithers,90,CA,1571364941,66,54.78,-127.17,48.2,8.05
454,nurota,0,UZ,1571364941,75,40.56,65.69,42.8,11.21
455,priiskovyy,0,RU,1571364941,26,51.93,116.63,49.92,5.75
456,salamiyah,14,SY,1571364941,86,35.01,37.05,66.3,5.7
457,goderich,84,CA,1571364942,76,43.74,-81.71,51.01,23.04
458,tautira,20,PF,1571364942,70,-17.73,-149.15,84.2,14.99
459,olga,20,US,1571364942,64,34.11,-118.17,69.8,4.7
460,westport,90,US,1571364942,62,41.14,-73.36,55.99,14.99
461,mwinilunga,0,ZM,1571364942,41,-11.73,24.43,58.25,3.6
462,kokopo,100,PG,1571364943,67,-4.34,152.27,83.33,1.97
463,mugur-aksy,97,RU,1571364943,65,50.38,90.44,14.59,8.61
464,aktau,0,KZ,1571364943,62,43.65,51.16,51.8,11.18
465,harper,1,US,1571364943,42,30.3,-99.24,64.4,9.78
466,nena,40,CO,1571364943,83,3.7,-73.22,75.2,2.24
467,monrovia,40,LR,1571364944,94,6.33,-10.8,77.0,4.09
468,gotsu,75,JP,1571364944,100,35.01,132.22,62.6,3.36
469,impfondo,100,CD,1571364944,98,1.62,18.06,69.81,2.13
470,luau,98,CD,1571364944,91,-10.7,22.23,64.7,2.08
471,privolzhskiy,75,RU,1571364945,71,55.96,48.41,50.0,6.71
472,oltu,100,TR,1571364945,54,40.55,42.0,47.35,3.78
473,cachoeiras de macacu,0,BR,1571364945,93,-22.46,-42.65,64.99,4.03
474,taoudenni,8,ML,1571364945,29,22.68,-3.98,86.66,7.34
475,pipirig,0,RO,1571364945,81,47.23,26.08,54.0,1.12
476,verkhnyaya inta,78,RU,1571364946,92,65.99,60.32,18.37,2.57
477,altamira,97,BR,1571364946,89,-3.2,-52.21,74.62,1.07
478,joshimath,0,IN,1571364946,39,30.57,79.57,51.81,1.95
479,holalkere,74,IN,1571364946,82,14.04,76.18,73.63,8.46
480,mocuba,76,MZ,1571364947,88,-16.84,36.99,67.69,2.82
481,khvoynaya,100,RU,1571364947,96,58.9,34.53,41.53,2.75
482,sorland,99,NO,1571364947,83,67.67,12.69,43.12,5.57
483,oriximina,99,BR,1571364947,76,-1.77,-55.87,79.66,3.83
484,comodoro rivadavia,0,AR,1571364948,41,-45.87,-67.48,59.0,16.11
485,natal,75,BR,1571364948,88,-5.81,-35.21,77.0,3.36
486,nguru,43,NG,1571364948,56,12.88,10.45,81.6,6.73
487,marawi,93,PH,1571364948,77,8.0,124.29,84.0,5.01
488,katsuura,75,JP,1571364949,83,33.93,134.5,71.6,4.7
489,dillon,90,US,1571364949,93,45.22,-112.64,41.0,6.11
490,port blair,40,IN,1571364949,79,11.67,92.75,84.2,1.12
491,kutum,84,SD,1571364949,53,14.2,24.66,72.33,4.47
492,harqalah,7,SY,1571364949,39,35.96,38.95,70.03,4.79
493,kupang,20,ID,1571364950,58,-10.16,123.6,84.2,8.05
494,laguna,40,BZ,1571364950,94,16.17,-88.94,80.6,2.1
495,zenzeli,0,RU,1571364950,77,45.92,47.05,52.55,8.46
496,murgab,0,TM,1571364950,62,37.5,61.97,51.8,4.63
497,lanzhou,0,CN,1571364950,86,36.06,103.82,41.0,4.16
498,miles city,1,US,1571364951,66,46.41,-105.84,53.01,8.05
499,nelson bay,0,AU,1571364951,30,-32.72,152.14,73.0,11.41
500,bull savanna,56,JM,1571364951,75,17.89,-77.59,82.03,5.26
501,leh,97,IN,1571364951,75,34.16,77.58,24.77,1.23
502,qiqihar,100,CN,1571364952,31,47.35,123.91,56.49,10.38
503,quetta,0,PK,1571364952,19,30.19,67.02,58.16,1.28
504,hinton,31,CA,1571364952,90,53.4,-117.57,27.82,4.61
505,umm kaddadah,72,SD,1571364952,54,13.6,26.69,80.25,7.05
506,imbituba,75,BR,1571364952,94,-28.24,-48.67,71.6,4.7
507,paysandu,1,UY,1571364953,97,-32.32,-58.08,62.01,1.01
508,santa cruz,0,BR,1571364953,79,-6.22,-36.02,70.93,19.42
509,mackay,75,CA,1571364953,57,53.65,-115.58,50.0,4.7
510,taveta,75,TZ,1571364953,94,-3.4,37.68,68.0,4.9
511,ibra,0,OM,1571364953,25,22.69,58.55,77.01,1.83
512,pangody,0,RU,1571364954,75,65.85,74.49,19.07,15.32
513,sur,0,OM,1571364954,33,22.57,59.53,80.23,3.49
514,atherton,19,AU,1571364954,62,-17.27,145.48,90.0,9.17
515,ovalle,0,CL,1571364954,91,-30.6,-71.2,44.7,5.82
516,betare oya,100,CM,1571364955,94,5.6,14.08,64.93,1.23
517,fenyi,66,CN,1571364955,55,27.82,114.69,73.91,1.81
518,koumac,0,NC,1571364955,74,-20.56,164.28,72.64,16.13
519,adeje,100,NG,1571364955,89,5.68,5.76,77.35,5.19
520,genhe,100,CN,1571364956,35,50.78,121.52,48.52,4.03
521,bima,46,ID,1571364956,24,-8.45,118.73,98.97,2.3
522,atbasar,100,KZ,1571364956,92,51.81,68.36,32.71,17.22
523,luba,0,PH,1571364956,59,17.32,120.7,86.24,3.91
524,kortkeros,90,RU,1571364957,100,61.81,51.56,30.2,6.71
525,teupasenti,20,HN,1571364957,83,14.22,-86.7,69.8,4.7
526,san jose,1,HN,1571364957,78,14.25,-87.96,77.0,5.82
527,chincholi,69,IN,1571364957,82,17.47,77.42,75.25,9.91
